date,station_name,parameter,total_records,pass_count,not_evaluated_count,suspect_count,fail_count,latest_time,fail_percent,suspect_percent,pass_percent
2026-01-01,4648354079375360,Actual Conductivity (µS/cm),96,95,1,0,0,2026-01-01 23:45:00,0.0,0.0,0.9895833333333334
2026-01-02,4648354079375360,Actual Conductivity (µS/cm),96,96,0,0,0,2026-01-02 23:45:00,0.0,0.0,1.0
2026-01-03,4648354079375360,Actual Conductivity (µS/cm),96,96,0,0,0,2026-01-03 23:45:00,0.0,0.0,1.0
2026-01-04,4648354079375360,Actual Conductivity (µS/cm),96,96,0,0,0,2026-01-04 23:45:00,0.0,0.0,1.0
2026-01-05,4648354079375360,Actual Conductivity (µS/cm),17,16,0,0,1,2026-01-05 04:00:00,0.058823529411764705,0.0,0.9411764705882353
2026-07-02,4648354079375360,Actual Conductivity (µS/cm),46,14,0,16,16,2026-07-02 23:45:00,0.34782608695652173,0.34782608695652173,0.30434782608695654
2026-07-03,4648354079375360,Actual Conductivity (µS/cm),96,91,0,2,3,2026-07-03 23:45:00,0.03125,0.020833333333333332,0.9479166666666666
2026-07-04,4648354079375360,Actual Conductivity (µS/cm),96,95,0,1,0,2026-07-04 23:45:00,0.0,0.010416666666666666,0.9895833333333334
2026-07-05,4648354079375360,Actual Conductivity (µS/cm),96,95,0,1,0,2026-07-05 23:45:00,0.0,0.010416666666666666,0.9895833333333334
2026-07-06,4648354079375360,Actual Conductivity (µS/cm),96,96,0,0,0,2026-07-06 23:45:00,0.0,0.0,1.0
2026-07-07,4648354079375360,Actual Conductivity (µS/cm),96,92,0,4,0,2026-07-07 23:45:00,0.0,0.041666666666666664,0.9583333333333334
2026-07-08,4648354079375360,Actual Conductivity (µS/cm),65,64,1,0,0,2026-07-08 16:00:00,0.0,0.0,0.9846153846153847
2026-01-01,4648354079375360,Chl-a Fluorescence (RFU),96,90,1,5,0,2026-01-01 23:45:00,0.0,0.052083333333333336,0.9375
2026-01-02,4648354079375360,Chl-a Fluorescence (RFU),96,7,0,32,57,2026-01-02 23:45:00,0.59375,0.3333333333333333,0.07291666666666667
2026-01-03,4648354079375360,Chl-a Fluorescence (RFU),96,3,0,33,60,2026-01-03 23:45:00,0.625,0.34375,0.03125
2026-01-04,4648354079375360,Chl-a Fluorescence (RFU),96,13,0,24,59,2026-01-04 23:45:00,0.6145833333333334,0.25,0.13541666666666666
2026-01-05,4648354079375360,Chl-a Fluorescence (RFU),17,0,0,14,3,2026-01-05 04:00:00,0.17647058823529413,0.8235294117647058,0.0
2026-07-02,4648354079375360,Chl-a Fluorescence (RFU),46,19,0,16,11,2026-07-02 23:45:00,0.2391304347826087,0.34782608695652173,0.41304347826086957
2026-07-03,4648354079375360,Chl-a Fluorescence (RFU),96,34,0,37,25,2026-07-03 23:45:00,0.2604166666666667,0.3854166666666667,0.3541666666666667
2026-07-04,4648354079375360,Chl-a Fluorescence (RFU),96,38,0,47,11,2026-07-04 23:45:00,0.11458333333333333,0.4895833333333333,0.3958333333333333
2026-07-05,4648354079375360,Chl-a Fluorescence (RFU),96,18,0,20,58,2026-07-05 23:45:00,0.6041666666666666,0.20833333333333334,0.1875
2026-07-06,4648354079375360,Chl-a Fluorescence (RFU),96,28,0,24,44,2026-07-06 23:45:00,0.4583333333333333,0.25,0.2916666666666667
2026-07-07,4648354079375360,Chl-a Fluorescence (RFU),96,12,0,29,55,2026-07-07 23:45:00,0.5729166666666666,0.3020833333333333,0.125
2026-07-08,4648354079375360,Chl-a Fluorescence (RFU),65,11,0,21,33,2026-07-08 16:00:00,0.5076923076923077,0.3230769230769231,0.16923076923076924
2026-01-01,4648354079375360,DO (mg/L),96,95,1,0,0,2026-01-01 23:45:00,0.0,0.0,0.9895833333333334
2026-01-02,4648354079375360,DO (mg/L),96,86,0,9,1,2026-01-02 23:45:00,0.010416666666666666,0.09375,0.8958333333333334
2026-01-03,4648354079375360,DO (mg/L),96,92,0,4,0,2026-01-03 23:45:00,0.0,0.041666666666666664,0.9583333333333334
2026-01-04,4648354079375360,DO (mg/L),96,88,0,8,0,2026-01-04 23:45:00,0.0,0.08333333333333333,0.9166666666666666
2026-01-05,4648354079375360,DO (mg/L),17,17,0,0,0,2026-01-05 04:00:00,0.0,0.0,1.0
2026-07-02,4648354079375360,DO (mg/L),46,46,0,0,0,2026-07-02 23:45:00,0.0,0.0,1.0
2026-07-03,4648354079375360,DO (mg/L),96,96,0,0,0,2026-07-03 23:45:00,0.0,0.0,1.0
2026-07-04,4648354079375360,DO (mg/L),96,96,0,0,0,2026-07-04 23:45:00,0.0,0.0,1.0
2026-07-05,4648354079375360,DO (mg/L),96,96,0,0,0,2026-07-05 23:45:00,0.0,0.0,1.0
2026-07-06,4648354079375360,DO (mg/L),96,96,0,0,0,2026-07-06 23:45:00,0.0,0.0,1.0
2026-07-07,4648354079375360,DO (mg/L),96,96,0,0,0,2026-07-07 23:45:00,0.0,0.0,1.0
2026-07-08,4648354079375360,DO (mg/L),65,64,1,0,0,2026-07-08 16:00:00,0.0,0.0,0.9846153846153847
2026-01-01,4648354079375360,Salinity (psu),96,60,1,32,3,2026-01-01 23:45:00,0.03125,0.3333333333333333,0.625
2026-01-02,4648354079375360,Salinity (psu),96,41,0,34,21,2026-01-02 23:45:00,0.21875,0.3541666666666667,0.4270833333333333
2026-01-03,4648354079375360,Salinity (psu),96,39,0,26,31,2026-01-03 23:45:00,0.3229166666666667,0.2708333333333333,0.40625
2026-01-04,4648354079375360,Salinity (psu),96,50,0,33,13,2026-01-04 23:45:00,0.13541666666666666,0.34375,0.5208333333333334
2026-01-05,4648354079375360,Salinity (psu),17,6,0,7,4,2026-01-05 04:00:00,0.23529411764705882,0.4117647058823529,0.35294117647058826
2026-07-02,4648354079375360,Salinity (psu),46,20,0,16,10,2026-07-02 23:45:00,0.21739130434782608,0.34782608695652173,0.43478260869565216
2026-07-03,4648354079375360,Salinity (psu),96,88,0,7,1,2026-07-03 23:45:00,0.010416666666666666,0.07291666666666667,0.9166666666666666
2026-07-04,4648354079375360,Salinity (psu),96,93,0,3,0,2026-07-04 23:45:00,0.0,0.03125,0.96875
2026-07-05,4648354079375360,Salinity (psu),96,69,0,18,9,2026-07-05 23:45:00,0.09375,0.1875,0.71875
2026-07-06,4648354079375360,Salinity (psu),96,96,0,0,0,2026-07-06 23:45:00,0.0,0.0,1.0
2026-07-07,4648354079375360,Salinity (psu),96,89,0,7,0,2026-07-07 23:45:00,0.0,0.07291666666666667,0.9270833333333334
2026-07-08,4648354079375360,Salinity (psu),65,61,0,4,0,2026-07-08 16:00:00,0.0,0.06153846153846154,0.9384615384615385
2026-01-01,4648354079375360,Specific Conductivity (µS/cm),96,95,1,0,0,2026-01-01 23:45:00,0.0,0.0,0.9895833333333334
2026-01-02,4648354079375360,Specific Conductivity (µS/cm),96,96,0,0,0,2026-01-02 23:45:00,0.0,0.0,1.0
2026-01-03,4648354079375360,Specific Conductivity (µS/cm),96,96,0,0,0,2026-01-03 23:45:00,0.0,0.0,1.0
2026-01-04,4648354079375360,Specific Conductivity (µS/cm),96,96,0,0,0,2026-01-04 23:45:00,0.0,0.0,1.0
2026-01-05,4648354079375360,Specific Conductivity (µS/cm),17,16,0,0,1,2026-01-05 04:00:00,0.058823529411764705,0.0,0.9411764705882353
2026-07-02,4648354079375360,Specific Conductivity (µS/cm),46,14,0,16,16,2026-07-02 23:45:00,0.34782608695652173,0.34782608695652173,0.30434782608695654
2026-07-03,4648354079375360,Specific Conductivity (µS/cm),96,91,0,2,3,2026-07-03 23:45:00,0.03125,0.020833333333333332,0.9479166666666666
2026-07-04,4648354079375360,Specific Conductivity (µS/cm),96,96,0,0,0,2026-07-04 23:45:00,0.0,0.0,1.0
2026-07-05,4648354079375360,Specific Conductivity (µS/cm),96,95,0,1,0,2026-07-05 23:45:00,0.0,0.010416666666666666,0.9895833333333334
2026-07-06,4648354079375360,Specific Conductivity (µS/cm),96,96,0,0,0,2026-07-06 23:45:00,0.0,0.0,1.0
2026-07-07,4648354079375360,Specific Conductivity (µS/cm),96,93,0,3,0,2026-07-07 23:45:00,0.0,0.03125,0.96875
2026-07-08,4648354079375360,Specific Conductivity (µS/cm),65,64,1,0,0,2026-07-08 16:00:00,0.0,0.0,0.9846153846153847
2026-01-01,4648354079375360,Temperature (C),96,95,1,0,0,2026-01-01 23:45:00,0.0,0.0,0.9895833333333334
2026-01-02,4648354079375360,Temperature (C),96,90,0,6,0,2026-01-02 23:45:00,0.0,0.0625,0.9375
2026-01-03,4648354079375360,Temperature (C),96,90,0,6,0,2026-01-03 23:45:00,0.0,0.0625,0.9375
2026-01-04,4648354079375360,Temperature (C),96,95,0,1,0,2026-01-04 23:45:00,0.0,0.010416666666666666,0.9895833333333334
2026-01-05,4648354079375360,Temperature (C),17,16,0,1,0,2026-01-05 04:00:00,0.0,0.058823529411764705,0.9411764705882353
2026-07-02,4648354079375360,Temperature (C),46,44,0,1,1,2026-07-02 23:45:00,0.021739130434782608,0.021739130434782608,0.9565217391304348
2026-07-03,4648354079375360,Temperature (C),96,96,0,0,0,2026-07-03 23:45:00,0.0,0.0,1.0
2026-07-04,4648354079375360,Temperature (C),96,96,0,0,0,2026-07-04 23:45:00,0.0,0.0,1.0
2026-07-05,4648354079375360,Temperature (C),96,96,0,0,0,2026-07-05 23:45:00,0.0,0.0,1.0
2026-07-06,4648354079375360,Temperature (C),96,96,0,0,0,2026-07-06 23:45:00,0.0,0.0,1.0
2026-07-07,4648354079375360,Temperature (C),96,96,0,0,0,2026-07-07 23:45:00,0.0,0.0,1.0
2026-07-08,4648354079375360,Temperature (C),65,64,1,0,0,2026-07-08 16:00:00,0.0,0.0,0.9846153846153847
2026-01-01,4648354079375360,pH (pH),96,0,0,0,0,2026-01-01 23:45:00,0.0,0.0,0.0
2026-01-02,4648354079375360,pH (pH),96,0,0,0,0,2026-01-02 23:45:00,0.0,0.0,0.0
2026-01-03,4648354079375360,pH (pH),96,0,0,0,0,2026-01-03 23:45:00,0.0,0.0,0.0
2026-01-04,4648354079375360,pH (pH),96,0,0,0,0,2026-01-04 23:45:00,0.0,0.0,0.0
2026-01-05,4648354079375360,pH (pH),17,0,0,0,0,2026-01-05 04:00:00,0.0,0.0,0.0
2026-07-02,4648354079375360,pH (pH),46,23,0,11,12,2026-07-02 23:45:00,0.2608695652173913,0.2391304347826087,0.5
2026-07-03,4648354079375360,pH (pH),96,4,0,35,57,2026-07-03 23:45:00,0.59375,0.3645833333333333,0.041666666666666664
2026-07-04,4648354079375360,pH (pH),96,36,0,23,37,2026-07-04 23:45:00,0.3854166666666667,0.23958333333333334,0.375
2026-07-05,4648354079375360,pH (pH),96,4,0,8,84,2026-07-05 23:45:00,0.875,0.08333333333333333,0.041666666666666664
2026-07-06,4648354079375360,pH (pH),96,11,0,44,41,2026-07-06 23:45:00,0.4270833333333333,0.4583333333333333,0.11458333333333333
2026-07-07,4648354079375360,pH (pH),96,14,0,23,59,2026-07-07 23:45:00,0.6145833333333334,0.23958333333333334,0.14583333333333334
2026-07-08,4648354079375360,pH (pH),65,2,0,25,38,2026-07-08 16:00:00,0.5846153846153846,0.38461538461538464,0.03076923076923077
2026-01-13,5106941840719872,Actual Conductivity (µS/cm),37,19,1,14,3,2026-01-13 23:45:00,0.08108108108108109,0.3783783783783784,0.5135135135135135
2026-01-14,5106941840719872,Actual Conductivity (µS/cm),96,33,0,44,19,2026-01-14 23:45:00,0.19791666666666666,0.4583333333333333,0.34375
2026-01-15,5106941840719872,Actual Conductivity (µS/cm),96,52,0,29,15,2026-01-15 23:45:00,0.15625,0.3020833333333333,0.5416666666666666
2026-01-16,5106941840719872,Actual Conductivity (µS/cm),96,60,0,36,0,2026-01-16 23:45:00,0.0,0.375,0.625
2026-01-17,5106941840719872,Actual Conductivity (µS/cm),96,9,0,54,33,2026-01-17 23:45:00,0.34375,0.5625,0.09375
2026-01-18,5106941840719872,Actual Conductivity (µS/cm),96,48,0,46,2,2026-01-18 23:45:00,0.020833333333333332,0.4791666666666667,0.5
2026-01-19,5106941840719872,Actual Conductivity (µS/cm),96,62,0,25,9,2026-01-19 23:45:00,0.09375,0.2604166666666667,0.6458333333333334
2026-01-20,5106941840719872,Actual Conductivity (µS/cm),96,1,0,56,39,2026-01-20 23:45:00,0.40625,0.5833333333333334,0.010416666666666666
2026-01-21,5106941840719872,Actual Conductivity (µS/cm),96,18,0,51,27,2026-01-21 23:45:00,0.28125,0.53125,0.1875
2026-01-22,5106941840719872,Actual Conductivity (µS/cm),96,95,0,1,0,2026-01-22 23:45:00,0.0,0.010416666666666666,0.9895833333333334
2026-01-23,5106941840719872,Actual Conductivity (µS/cm),96,96,0,0,0,2026-01-23 23:45:00,0.0,0.0,1.0
2026-01-24,5106941840719872,Actual Conductivity (µS/cm),96,95,0,1,0,2026-01-24 23:45:00,0.0,0.010416666666666666,0.9895833333333334
2026-01-25,5106941840719872,Actual Conductivity (µS/cm),96,87,0,9,0,2026-01-25 23:45:00,0.0,0.09375,0.90625
2026-01-26,5106941840719872,Actual Conductivity (µS/cm),96,89,0,7,0,2026-01-26 23:45:00,0.0,0.07291666666666667,0.9270833333333334
2026-01-27,5106941840719872,Actual Conductivity (µS/cm),97,97,0,0,0,2026-01-27 23:45:00,0.0,0.0,1.0
2026-01-28,5106941840719872,Actual Conductivity (µS/cm),96,96,0,0,0,2026-01-28 23:45:00,0.0,0.0,1.0
2026-01-29,5106941840719872,Actual Conductivity (µS/cm),96,80,0,16,0,2026-01-29 23:45:00,0.0,0.16666666666666666,0.8333333333333334
2026-01-30,5106941840719872,Actual Conductivity (µS/cm),96,93,0,3,0,2026-01-30 23:45:00,0.0,0.03125,0.96875
2026-01-31,5106941840719872,Actual Conductivity (µS/cm),96,89,0,7,0,2026-01-31 23:45:00,0.0,0.07291666666666667,0.9270833333333334
2026-02-01,5106941840719872,Actual Conductivity (µS/cm),96,95,0,1,0,2026-02-01 23:45:00,0.0,0.010416666666666666,0.9895833333333334
2026-02-02,5106941840719872,Actual Conductivity (µS/cm),96,82,0,14,0,2026-02-02 23:45:00,0.0,0.14583333333333334,0.8541666666666666
2026-02-03,5106941840719872,Actual Conductivity (µS/cm),96,86,0,6,4,2026-02-03 23:45:00,0.041666666666666664,0.0625,0.8958333333333334
2026-02-04,5106941840719872,Actual Conductivity (µS/cm),96,95,0,1,0,2026-02-04 23:45:00,0.0,0.010416666666666666,0.9895833333333334
2026-02-05,5106941840719872,Actual Conductivity (µS/cm),96,94,0,2,0,2026-02-05 23:45:00,0.0,0.020833333333333332,0.9791666666666666
2026-02-06,5106941840719872,Actual Conductivity (µS/cm),96,69,0,19,8,2026-02-06 23:45:00,0.08333333333333333,0.19791666666666666,0.71875
2026-02-07,5106941840719872,Actual Conductivity (µS/cm),96,77,0,19,0,2026-02-07 23:45:00,0.0,0.19791666666666666,0.8020833333333334
2026-02-08,5106941840719872,Actual Conductivity (µS/cm),96,81,0,15,0,2026-02-08 23:45:00,0.0,0.15625,0.84375
2026-02-09,5106941840719872,Actual Conductivity (µS/cm),96,96,0,0,0,2026-02-09 23:45:00,0.0,0.0,1.0
2026-02-10,5106941840719872,Actual Conductivity (µS/cm),96,96,0,0,0,2026-02-10 23:45:00,0.0,0.0,1.0
2026-02-11,5106941840719872,Actual Conductivity (µS/cm),96,96,0,0,0,2026-02-11 23:45:00,0.0,0.0,1.0
2026-02-12,5106941840719872,Actual Conductivity (µS/cm),96,48,0,42,6,2026-02-12 23:45:00,0.0625,0.4375,0.5
2026-02-13,5106941840719872,Actual Conductivity (µS/cm),96,15,0,77,4,2026-02-13 23:45:00,0.041666666666666664,0.8020833333333334,0.15625
2026-02-14,5106941840719872,Actual Conductivity (µS/cm),96,30,0,55,11,2026-02-14 23:45:00,0.11458333333333333,0.5729166666666666,0.3125
2026-02-15,5106941840719872,Actual Conductivity (µS/cm),96,72,0,22,2,2026-02-15 23:45:00,0.020833333333333332,0.22916666666666666,0.75
2026-02-16,5106941840719872,Actual Conductivity (µS/cm),96,96,0,0,0,2026-02-16 23:45:00,0.0,0.0,1.0
2026-02-17,5106941840719872,Actual Conductivity (µS/cm),96,85,0,10,1,2026-02-17 23:45:00,0.010416666666666666,0.10416666666666667,0.8854166666666666
2026-02-18,5106941840719872,Actual Conductivity (µS/cm),96,59,0,29,8,2026-02-18 23:45:00,0.08333333333333333,0.3020833333333333,0.6145833333333334
2026-02-19,5106941840719872,Actual Conductivity (µS/cm),96,32,0,49,15,2026-02-19 23:45:00,0.15625,0.5104166666666666,0.3333333333333333
2026-02-20,5106941840719872,Actual Conductivity (µS/cm),96,96,0,0,0,2026-02-20 23:45:00,0.0,0.0,1.0
2026-02-21,5106941840719872,Actual Conductivity (µS/cm),96,96,0,0,0,2026-02-21 23:45:00,0.0,0.0,1.0
2026-02-22,5106941840719872,Actual Conductivity (µS/cm),95,89,2,3,0,2026-02-22 23:45:00,0.0,0.031578947368421054,0.9368421052631579
2026-02-23,5106941840719872,Actual Conductivity (µS/cm),96,72,0,13,11,2026-02-23 23:45:00,0.11458333333333333,0.13541666666666666,0.75
2026-02-24,5106941840719872,Actual Conductivity (µS/cm),96,74,0,13,9,2026-02-24 23:45:00,0.09375,0.13541666666666666,0.7708333333333334
2026-02-25,5106941840719872,Actual Conductivity (µS/cm),96,96,0,0,0,2026-02-25 23:45:00,0.0,0.0,1.0
2026-02-26,5106941840719872,Actual Conductivity (µS/cm),96,82,0,11,3,2026-02-26 23:45:00,0.03125,0.11458333333333333,0.8541666666666666
2026-02-27,5106941840719872,Actual Conductivity (µS/cm),96,90,0,6,0,2026-02-27 23:45:00,0.0,0.0625,0.9375
2026-02-28,5106941840719872,Actual Conductivity (µS/cm),96,72,0,24,0,2026-02-28 23:45:00,0.0,0.25,0.75
2026-03-01,5106941840719872,Actual Conductivity (µS/cm),96,84,0,12,0,2026-03-01 23:45:00,0.0,0.125,0.875
2026-03-02,5106941840719872,Actual Conductivity (µS/cm),96,64,0,32,0,2026-03-02 23:45:00,0.0,0.3333333333333333,0.6666666666666666
2026-03-03,5106941840719872,Actual Conductivity (µS/cm),96,49,0,47,0,2026-03-03 23:45:00,0.0,0.4895833333333333,0.5104166666666666
2026-03-04,5106941840719872,Actual Conductivity (µS/cm),96,50,0,46,0,2026-03-04 23:45:00,0.0,0.4791666666666667,0.5208333333333334
2026-03-05,5106941840719872,Actual Conductivity (µS/cm),96,44,0,46,6,2026-03-05 23:45:00,0.0625,0.4791666666666667,0.4583333333333333
2026-03-06,5106941840719872,Actual Conductivity (µS/cm),96,53,0,11,32,2026-03-06 23:45:00,0.3333333333333333,0.11458333333333333,0.5520833333333334
2026-03-07,5106941840719872,Actual Conductivity (µS/cm),81,39,2,36,3,2026-03-07 20:00:00,0.037037037037037035,0.4444444444444444,0.48148148148148145
2026-07-02,5106941840719872,Actual Conductivity (µS/cm),47,7,0,0,40,2026-07-02 23:45:00,0.851063829787234,0.0,0.14893617021276595
2026-07-03,5106941840719872,Actual Conductivity (µS/cm),96,22,0,6,68,2026-07-03 23:45:00,0.7083333333333334,0.0625,0.22916666666666666
2026-07-04,5106941840719872,Actual Conductivity (µS/cm),96,0,0,0,96,2026-07-04 23:45:00,1.0,0.0,0.0
2026-07-05,5106941840719872,Actual Conductivity (µS/cm),96,0,0,0,96,2026-07-05 23:45:00,1.0,0.0,0.0
2026-07-06,5106941840719872,Actual Conductivity (µS/cm),96,0,0,0,96,2026-07-06 23:45:00,1.0,0.0,0.0
2026-07-07,5106941840719872,Actual Conductivity (µS/cm),96,0,0,0,96,2026-07-07 23:45:00,1.0,0.0,0.0
2026-07-08,5106941840719872,Actual Conductivity (µS/cm),65,0,1,0,64,2026-07-08 16:00:00,0.9846153846153847,0.0,0.0
2026-01-13,5106941840719872,Chl-a Fluorescence (RFU),37,36,1,0,0,2026-01-13 23:45:00,0.0,0.0,0.972972972972973
2026-01-14,5106941840719872,Chl-a Fluorescence (RFU),96,95,0,1,0,2026-01-14 23:45:00,0.0,0.010416666666666666,0.9895833333333334
2026-01-15,5106941840719872,Chl-a Fluorescence (RFU),96,96,0,0,0,2026-01-15 23:45:00,0.0,0.0,1.0
2026-01-16,5106941840719872,Chl-a Fluorescence (RFU),96,93,0,3,0,2026-01-16 23:45:00,0.0,0.03125,0.96875
2026-01-17,5106941840719872,Chl-a Fluorescence (RFU),96,96,0,0,0,2026-01-17 23:45:00,0.0,0.0,1.0
2026-01-18,5106941840719872,Chl-a Fluorescence (RFU),96,94,0,2,0,2026-01-18 23:45:00,0.0,0.020833333333333332,0.9791666666666666
2026-01-19,5106941840719872,Chl-a Fluorescence (RFU),96,94,0,2,0,2026-01-19 23:45:00,0.0,0.020833333333333332,0.9791666666666666
2026-01-20,5106941840719872,Chl-a Fluorescence (RFU),96,96,0,0,0,2026-01-20 23:45:00,0.0,0.0,1.0
2026-01-21,5106941840719872,Chl-a Fluorescence (RFU),96,96,0,0,0,2026-01-21 23:45:00,0.0,0.0,1.0
2026-01-22,5106941840719872,Chl-a Fluorescence (RFU),96,96,0,0,0,2026-01-22 23:45:00,0.0,0.0,1.0
2026-01-23,5106941840719872,Chl-a Fluorescence (RFU),96,96,0,0,0,2026-01-23 23:45:00,0.0,0.0,1.0
2026-01-24,5106941840719872,Chl-a Fluorescence (RFU),96,96,0,0,0,2026-01-24 23:45:00,0.0,0.0,1.0
2026-01-25,5106941840719872,Chl-a Fluorescence (RFU),96,96,0,0,0,2026-01-25 23:45:00,0.0,0.0,1.0
2026-01-26,5106941840719872,Chl-a Fluorescence (RFU),96,96,0,0,0,2026-01-26 23:45:00,0.0,0.0,1.0
2026-01-27,5106941840719872,Chl-a Fluorescence (RFU),97,97,0,0,0,2026-01-27 23:45:00,0.0,0.0,1.0
2026-01-28,5106941840719872,Chl-a Fluorescence (RFU),96,96,0,0,0,2026-01-28 23:45:00,0.0,0.0,1.0
2026-01-29,5106941840719872,Chl-a Fluorescence (RFU),96,96,0,0,0,2026-01-29 23:45:00,0.0,0.0,1.0
2026-01-30,5106941840719872,Chl-a Fluorescence (RFU),96,96,0,0,0,2026-01-30 23:45:00,0.0,0.0,1.0
2026-01-31,5106941840719872,Chl-a Fluorescence (RFU),96,96,0,0,0,2026-01-31 23:45:00,0.0,0.0,1.0
2026-02-01,5106941840719872,Chl-a Fluorescence (RFU),96,96,0,0,0,2026-02-01 23:45:00,0.0,0.0,1.0
2026-02-02,5106941840719872,Chl-a Fluorescence (RFU),96,96,0,0,0,2026-02-02 23:45:00,0.0,0.0,1.0
2026-02-03,5106941840719872,Chl-a Fluorescence (RFU),96,96,0,0,0,2026-02-03 23:45:00,0.0,0.0,1.0
2026-02-04,5106941840719872,Chl-a Fluorescence (RFU),96,96,0,0,0,2026-02-04 23:45:00,0.0,0.0,1.0
2026-02-05,5106941840719872,Chl-a Fluorescence (RFU),96,88,0,8,0,2026-02-05 23:45:00,0.0,0.08333333333333333,0.9166666666666666
2026-02-06,5106941840719872,Chl-a Fluorescence (RFU),96,96,0,0,0,2026-02-06 23:45:00,0.0,0.0,1.0
2026-02-07,5106941840719872,Chl-a Fluorescence (RFU),96,95,0,1,0,2026-02-07 23:45:00,0.0,0.010416666666666666,0.9895833333333334
2026-02-08,5106941840719872,Chl-a Fluorescence (RFU),96,96,0,0,0,2026-02-08 23:45:00,0.0,0.0,1.0
2026-02-09,5106941840719872,Chl-a Fluorescence (RFU),96,87,0,9,0,2026-02-09 23:45:00,0.0,0.09375,0.90625
2026-02-10,5106941840719872,Chl-a Fluorescence (RFU),96,93,2,0,0,2026-02-10 23:45:00,0.0,0.0,0.96875
2026-02-11,5106941840719872,Chl-a Fluorescence (RFU),96,96,0,0,0,2026-02-11 23:45:00,0.0,0.0,1.0
2026-02-12,5106941840719872,Chl-a Fluorescence (RFU),96,96,0,0,0,2026-02-12 23:45:00,0.0,0.0,1.0
2026-02-13,5106941840719872,Chl-a Fluorescence (RFU),96,96,0,0,0,2026-02-13 23:45:00,0.0,0.0,1.0
2026-02-14,5106941840719872,Chl-a Fluorescence (RFU),96,96,0,0,0,2026-02-14 23:45:00,0.0,0.0,1.0
2026-02-15,5106941840719872,Chl-a Fluorescence (RFU),96,93,2,0,0,2026-02-15 23:45:00,0.0,0.0,0.96875
2026-02-16,5106941840719872,Chl-a Fluorescence (RFU),96,96,0,0,0,2026-02-16 23:45:00,0.0,0.0,1.0
2026-02-17,5106941840719872,Chl-a Fluorescence (RFU),96,96,0,0,0,2026-02-17 23:45:00,0.0,0.0,1.0
2026-02-18,5106941840719872,Chl-a Fluorescence (RFU),96,96,0,0,0,2026-02-18 23:45:00,0.0,0.0,1.0
2026-02-19,5106941840719872,Chl-a Fluorescence (RFU),96,96,0,0,0,2026-02-19 23:45:00,0.0,0.0,1.0
2026-02-20,5106941840719872,Chl-a Fluorescence (RFU),96,96,0,0,0,2026-02-20 23:45:00,0.0,0.0,1.0
2026-02-21,5106941840719872,Chl-a Fluorescence (RFU),96,96,0,0,0,2026-02-21 23:45:00,0.0,0.0,1.0
2026-02-22,5106941840719872,Chl-a Fluorescence (RFU),95,92,2,0,0,2026-02-22 23:45:00,0.0,0.0,0.968421052631579
2026-02-23,5106941840719872,Chl-a Fluorescence (RFU),96,96,0,0,0,2026-02-23 23:45:00,0.0,0.0,1.0
2026-02-24,5106941840719872,Chl-a Fluorescence (RFU),96,96,0,0,0,2026-02-24 23:45:00,0.0,0.0,1.0
2026-02-25,5106941840719872,Chl-a Fluorescence (RFU),96,96,0,0,0,2026-02-25 23:45:00,0.0,0.0,1.0
2026-02-26,5106941840719872,Chl-a Fluorescence (RFU),96,93,2,0,0,2026-02-26 23:45:00,0.0,0.0,0.96875
2026-02-27,5106941840719872,Chl-a Fluorescence (RFU),96,96,0,0,0,2026-02-27 23:45:00,0.0,0.0,1.0
2026-02-28,5106941840719872,Chl-a Fluorescence (RFU),96,96,0,0,0,2026-02-28 23:45:00,0.0,0.0,1.0
2026-03-01,5106941840719872,Chl-a Fluorescence (RFU),96,96,0,0,0,2026-03-01 23:45:00,0.0,0.0,1.0
2026-03-02,5106941840719872,Chl-a Fluorescence (RFU),96,96,0,0,0,2026-03-02 23:45:00,0.0,0.0,1.0
2026-03-03,5106941840719872,Chl-a Fluorescence (RFU),96,96,0,0,0,2026-03-03 23:45:00,0.0,0.0,1.0
2026-03-04,5106941840719872,Chl-a Fluorescence (RFU),96,96,0,0,0,2026-03-04 23:45:00,0.0,0.0,1.0
2026-03-05,5106941840719872,Chl-a Fluorescence (RFU),96,96,0,0,0,2026-03-05 23:45:00,0.0,0.0,1.0
2026-03-06,5106941840719872,Chl-a Fluorescence (RFU),96,96,0,0,0,2026-03-06 23:45:00,0.0,0.0,1.0
2026-03-07,5106941840719872,Chl-a Fluorescence (RFU),81,78,2,0,0,2026-03-07 20:00:00,0.0,0.0,0.9629629629629629
2026-07-02,5106941840719872,Chl-a Fluorescence (RFU),47,46,0,1,0,2026-07-02 23:45:00,0.0,0.02127659574468085,0.9787234042553191
2026-07-03,5106941840719872,Chl-a Fluorescence (RFU),96,96,0,0,0,2026-07-03 23:45:00,0.0,0.0,1.0
2026-07-04,5106941840719872,Chl-a Fluorescence (RFU),96,96,0,0,0,2026-07-04 23:45:00,0.0,0.0,1.0
2026-07-05,5106941840719872,Chl-a Fluorescence (RFU),96,96,0,0,0,2026-07-05 23:45:00,0.0,0.0,1.0
2026-07-06,5106941840719872,Chl-a Fluorescence (RFU),96,96,0,0,0,2026-07-06 23:45:00,0.0,0.0,1.0
2026-07-07,5106941840719872,Chl-a Fluorescence (RFU),96,96,0,0,0,2026-07-07 23:45:00,0.0,0.0,1.0
2026-07-08,5106941840719872,Chl-a Fluorescence (RFU),65,64,1,0,0,2026-07-08 16:00:00,0.0,0.0,0.9846153846153847
2026-01-13,5106941840719872,DO (mg/L),37,36,1,0,0,2026-01-13 23:45:00,0.0,0.0,0.972972972972973
2026-01-14,5106941840719872,DO (mg/L),96,96,0,0,0,2026-01-14 23:45:00,0.0,0.0,1.0
2026-01-15,5106941840719872,DO (mg/L),96,96,0,0,0,2026-01-15 23:45:00,0.0,0.0,1.0
2026-01-16,5106941840719872,DO (mg/L),96,95,0,1,0,2026-01-16 23:45:00,0.0,0.010416666666666666,0.9895833333333334
2026-01-17,5106941840719872,DO (mg/L),96,96,0,0,0,2026-01-17 23:45:00,0.0,0.0,1.0
2026-01-18,5106941840719872,DO (mg/L),96,96,0,0,0,2026-01-18 23:45:00,0.0,0.0,1.0
2026-01-19,5106941840719872,DO (mg/L),96,96,0,0,0,2026-01-19 23:45:00,0.0,0.0,1.0
2026-01-20,5106941840719872,DO (mg/L),96,96,0,0,0,2026-01-20 23:45:00,0.0,0.0,1.0
2026-01-21,5106941840719872,DO (mg/L),96,96,0,0,0,2026-01-21 23:45:00,0.0,0.0,1.0
2026-01-22,5106941840719872,DO (mg/L),96,94,0,2,0,2026-01-22 23:45:00,0.0,0.020833333333333332,0.9791666666666666
2026-01-23,5106941840719872,DO (mg/L),96,96,0,0,0,2026-01-23 23:45:00,0.0,0.0,1.0
2026-01-24,5106941840719872,DO (mg/L),96,96,0,0,0,2026-01-24 23:45:00,0.0,0.0,1.0
2026-01-25,5106941840719872,DO (mg/L),96,96,0,0,0,2026-01-25 23:45:00,0.0,0.0,1.0
2026-01-26,5106941840719872,DO (mg/L),96,96,0,0,0,2026-01-26 23:45:00,0.0,0.0,1.0
2026-01-27,5106941840719872,DO (mg/L),97,81,0,14,2,2026-01-27 23:45:00,0.020618556701030927,0.14432989690721648,0.8350515463917526
2026-01-28,5106941840719872,DO (mg/L),96,96,0,0,0,2026-01-28 23:45:00,0.0,0.0,1.0
2026-01-29,5106941840719872,DO (mg/L),96,96,0,0,0,2026-01-29 23:45:00,0.0,0.0,1.0
2026-01-30,5106941840719872,DO (mg/L),96,96,0,0,0,2026-01-30 23:45:00,0.0,0.0,1.0
2026-01-31,5106941840719872,DO (mg/L),96,96,0,0,0,2026-01-31 23:45:00,0.0,0.0,1.0
2026-02-01,5106941840719872,DO (mg/L),96,96,0,0,0,2026-02-01 23:45:00,0.0,0.0,1.0
2026-02-02,5106941840719872,DO (mg/L),96,94,0,2,0,2026-02-02 23:45:00,0.0,0.020833333333333332,0.9791666666666666
2026-02-03,5106941840719872,DO (mg/L),96,96,0,0,0,2026-02-03 23:45:00,0.0,0.0,1.0
2026-02-04,5106941840719872,DO (mg/L),96,96,0,0,0,2026-02-04 23:45:00,0.0,0.0,1.0
2026-02-05,5106941840719872,DO (mg/L),96,96,0,0,0,2026-02-05 23:45:00,0.0,0.0,1.0
2026-02-06,5106941840719872,DO (mg/L),96,96,0,0,0,2026-02-06 23:45:00,0.0,0.0,1.0
2026-02-07,5106941840719872,DO (mg/L),96,96,0,0,0,2026-02-07 23:45:00,0.0,0.0,1.0
2026-02-08,5106941840719872,DO (mg/L),96,96,0,0,0,2026-02-08 23:45:00,0.0,0.0,1.0
2026-02-09,5106941840719872,DO (mg/L),96,96,0,0,0,2026-02-09 23:45:00,0.0,0.0,1.0
2026-02-10,5106941840719872,DO (mg/L),96,96,0,0,0,2026-02-10 23:45:00,0.0,0.0,1.0
2026-02-11,5106941840719872,DO (mg/L),96,96,0,0,0,2026-02-11 23:45:00,0.0,0.0,1.0
2026-02-12,5106941840719872,DO (mg/L),96,96,0,0,0,2026-02-12 23:45:00,0.0,0.0,1.0
2026-02-13,5106941840719872,DO (mg/L),96,96,0,0,0,2026-02-13 23:45:00,0.0,0.0,1.0
2026-02-14,5106941840719872,DO (mg/L),96,96,0,0,0,2026-02-14 23:45:00,0.0,0.0,1.0
2026-02-15,5106941840719872,DO (mg/L),96,93,2,0,0,2026-02-15 23:45:00,0.0,0.0,0.96875
2026-02-16,5106941840719872,DO (mg/L),96,96,0,0,0,2026-02-16 23:45:00,0.0,0.0,1.0
2026-02-17,5106941840719872,DO (mg/L),96,96,0,0,0,2026-02-17 23:45:00,0.0,0.0,1.0
2026-02-18,5106941840719872,DO (mg/L),96,96,0,0,0,2026-02-18 23:45:00,0.0,0.0,1.0
2026-02-19,5106941840719872,DO (mg/L),96,96,0,0,0,2026-02-19 23:45:00,0.0,0.0,1.0
2026-02-20,5106941840719872,DO (mg/L),96,96,0,0,0,2026-02-20 23:45:00,0.0,0.0,1.0
2026-02-21,5106941840719872,DO (mg/L),96,96,0,0,0,2026-02-21 23:45:00,0.0,0.0,1.0
2026-02-22,5106941840719872,DO (mg/L),95,92,2,0,0,2026-02-22 23:45:00,0.0,0.0,0.968421052631579
2026-02-23,5106941840719872,DO (mg/L),96,94,0,2,0,2026-02-23 23:45:00,0.0,0.020833333333333332,0.9791666666666666
2026-02-24,5106941840719872,DO (mg/L),96,96,0,0,0,2026-02-24 23:45:00,0.0,0.0,1.0
2026-02-25,5106941840719872,DO (mg/L),96,94,0,2,0,2026-02-25 23:45:00,0.0,0.020833333333333332,0.9791666666666666
2026-02-26,5106941840719872,DO (mg/L),96,96,0,0,0,2026-02-26 23:45:00,0.0,0.0,1.0
2026-02-27,5106941840719872,DO (mg/L),96,96,0,0,0,2026-02-27 23:45:00,0.0,0.0,1.0
2026-02-28,5106941840719872,DO (mg/L),96,96,0,0,0,2026-02-28 23:45:00,0.0,0.0,1.0
2026-03-01,5106941840719872,DO (mg/L),96,96,0,0,0,2026-03-01 23:45:00,0.0,0.0,1.0
2026-03-02,5106941840719872,DO (mg/L),96,96,0,0,0,2026-03-02 23:45:00,0.0,0.0,1.0
2026-03-03,5106941840719872,DO (mg/L),96,96,0,0,0,2026-03-03 23:45:00,0.0,0.0,1.0
2026-03-04,5106941840719872,DO (mg/L),96,96,0,0,0,2026-03-04 23:45:00,0.0,0.0,1.0
2026-03-05,5106941840719872,DO (mg/L),96,96,0,0,0,2026-03-05 23:45:00,0.0,0.0,1.0
2026-03-06,5106941840719872,DO (mg/L),96,96,0,0,0,2026-03-06 23:45:00,0.0,0.0,1.0
2026-03-07,5106941840719872,DO (mg/L),81,78,2,0,0,2026-03-07 20:00:00,0.0,0.0,0.9629629629629629
2026-07-02,5106941840719872,DO (mg/L),47,47,0,0,0,2026-07-02 23:45:00,0.0,0.0,1.0
2026-07-03,5106941840719872,DO (mg/L),96,96,0,0,0,2026-07-03 23:45:00,0.0,0.0,1.0
2026-07-04,5106941840719872,DO (mg/L),96,96,0,0,0,2026-07-04 23:45:00,0.0,0.0,1.0
2026-07-05,5106941840719872,DO (mg/L),96,96,0,0,0,2026-07-05 23:45:00,0.0,0.0,1.0
2026-07-06,5106941840719872,DO (mg/L),96,96,0,0,0,2026-07-06 23:45:00,0.0,0.0,1.0
2026-07-07,5106941840719872,DO (mg/L),96,96,0,0,0,2026-07-07 23:45:00,0.0,0.0,1.0
2026-07-08,5106941840719872,DO (mg/L),65,64,1,0,0,2026-07-08 16:00:00,0.0,0.0,0.9846153846153847
2026-01-13,5106941840719872,Salinity (psu),37,33,1,0,3,2026-01-13 23:45:00,0.08108108108108109,0.0,0.8918918918918919
2026-01-14,5106941840719872,Salinity (psu),96,96,0,0,0,2026-01-14 23:45:00,0.0,0.0,1.0
2026-01-15,5106941840719872,Salinity (psu),96,96,0,0,0,2026-01-15 23:45:00,0.0,0.0,1.0
2026-01-16,5106941840719872,Salinity (psu),96,96,0,0,0,2026-01-16 23:45:00,0.0,0.0,1.0
2026-01-17,5106941840719872,Salinity (psu),96,94,0,2,0,2026-01-17 23:45:00,0.0,0.020833333333333332,0.9791666666666666
2026-01-18,5106941840719872,Salinity (psu),96,96,0,0,0,2026-01-18 23:45:00,0.0,0.0,1.0
2026-01-19,5106941840719872,Salinity (psu),96,96,0,0,0,2026-01-19 23:45:00,0.0,0.0,1.0
2026-01-20,5106941840719872,Salinity (psu),96,96,0,0,0,2026-01-20 23:45:00,0.0,0.0,1.0
2026-01-21,5106941840719872,Salinity (psu),96,95,0,1,0,2026-01-21 23:45:00,0.0,0.010416666666666666,0.9895833333333334
2026-01-22,5106941840719872,Salinity (psu),96,84,0,12,0,2026-01-22 23:45:00,0.0,0.125,0.875
2026-01-23,5106941840719872,Salinity (psu),96,66,0,25,5,2026-01-23 23:45:00,0.052083333333333336,0.2604166666666667,0.6875
2026-01-24,5106941840719872,Salinity (psu),96,85,0,8,3,2026-01-24 23:45:00,0.03125,0.08333333333333333,0.8854166666666666
2026-01-25,5106941840719872,Salinity (psu),96,96,0,0,0,2026-01-25 23:45:00,0.0,0.0,1.0
2026-01-26,5106941840719872,Salinity (psu),96,96,0,0,0,2026-01-26 23:45:00,0.0,0.0,1.0
2026-01-27,5106941840719872,Salinity (psu),97,95,0,2,0,2026-01-27 23:45:00,0.0,0.020618556701030927,0.979381443298969
2026-01-28,5106941840719872,Salinity (psu),96,96,0,0,0,2026-01-28 23:45:00,0.0,0.0,1.0
2026-01-29,5106941840719872,Salinity (psu),96,96,0,0,0,2026-01-29 23:45:00,0.0,0.0,1.0
2026-01-30,5106941840719872,Salinity (psu),96,96,0,0,0,2026-01-30 23:45:00,0.0,0.0,1.0
2026-01-31,5106941840719872,Salinity (psu),96,79,0,10,7,2026-01-31 23:45:00,0.07291666666666667,0.10416666666666667,0.8229166666666666
2026-02-01,5106941840719872,Salinity (psu),96,96,0,0,0,2026-02-01 23:45:00,0.0,0.0,1.0
2026-02-02,5106941840719872,Salinity (psu),96,96,0,0,0,2026-02-02 23:45:00,0.0,0.0,1.0
2026-02-03,5106941840719872,Salinity (psu),96,96,0,0,0,2026-02-03 23:45:00,0.0,0.0,1.0
2026-02-04,5106941840719872,Salinity (psu),96,95,0,1,0,2026-02-04 23:45:00,0.0,0.010416666666666666,0.9895833333333334
2026-02-05,5106941840719872,Salinity (psu),96,93,0,3,0,2026-02-05 23:45:00,0.0,0.03125,0.96875
2026-02-06,5106941840719872,Salinity (psu),96,93,0,3,0,2026-02-06 23:45:00,0.0,0.03125,0.96875
2026-02-07,5106941840719872,Salinity (psu),96,89,0,7,0,2026-02-07 23:45:00,0.0,0.07291666666666667,0.9270833333333334
2026-02-08,5106941840719872,Salinity (psu),96,96,0,0,0,2026-02-08 23:45:00,0.0,0.0,1.0
2026-02-09,5106941840719872,Salinity (psu),96,73,0,18,5,2026-02-09 23:45:00,0.052083333333333336,0.1875,0.7604166666666666
2026-02-10,5106941840719872,Salinity (psu),96,92,0,0,4,2026-02-10 23:45:00,0.041666666666666664,0.0,0.9583333333333334
2026-02-11,5106941840719872,Salinity (psu),96,96,0,0,0,2026-02-11 23:45:00,0.0,0.0,1.0
2026-02-12,5106941840719872,Salinity (psu),96,96,0,0,0,2026-02-12 23:45:00,0.0,0.0,1.0
2026-02-13,5106941840719872,Salinity (psu),96,96,0,0,0,2026-02-13 23:45:00,0.0,0.0,1.0
2026-02-14,5106941840719872,Salinity (psu),96,96,0,0,0,2026-02-14 23:45:00,0.0,0.0,1.0
2026-02-15,5106941840719872,Salinity (psu),96,95,0,1,0,2026-02-15 23:45:00,0.0,0.010416666666666666,0.9895833333333334
2026-02-16,5106941840719872,Salinity (psu),96,92,0,4,0,2026-02-16 23:45:00,0.0,0.041666666666666664,0.9583333333333334
2026-02-17,5106941840719872,Salinity (psu),96,93,0,3,0,2026-02-17 23:45:00,0.0,0.03125,0.96875
2026-02-18,5106941840719872,Salinity (psu),96,95,0,1,0,2026-02-18 23:45:00,0.0,0.010416666666666666,0.9895833333333334
2026-02-19,5106941840719872,Salinity (psu),96,95,0,1,0,2026-02-19 23:45:00,0.0,0.010416666666666666,0.9895833333333334
2026-02-20,5106941840719872,Salinity (psu),96,96,0,0,0,2026-02-20 23:45:00,0.0,0.0,1.0
2026-02-21,5106941840719872,Salinity (psu),96,96,0,0,0,2026-02-21 23:45:00,0.0,0.0,1.0
2026-02-22,5106941840719872,Salinity (psu),95,92,2,0,0,2026-02-22 23:45:00,0.0,0.0,0.968421052631579
2026-02-23,5106941840719872,Salinity (psu),96,96,0,0,0,2026-02-23 23:45:00,0.0,0.0,1.0
2026-02-24,5106941840719872,Salinity (psu),96,96,0,0,0,2026-02-24 23:45:00,0.0,0.0,1.0
2026-02-25,5106941840719872,Salinity (psu),96,96,0,0,0,2026-02-25 23:45:00,0.0,0.0,1.0
2026-02-26,5106941840719872,Salinity (psu),96,96,0,0,0,2026-02-26 23:45:00,0.0,0.0,1.0
2026-02-27,5106941840719872,Salinity (psu),96,96,0,0,0,2026-02-27 23:45:00,0.0,0.0,1.0
2026-02-28,5106941840719872,Salinity (psu),96,96,0,0,0,2026-02-28 23:45:00,0.0,0.0,1.0
2026-03-01,5106941840719872,Salinity (psu),96,96,0,0,0,2026-03-01 23:45:00,0.0,0.0,1.0
2026-03-02,5106941840719872,Salinity (psu),96,96,0,0,0,2026-03-02 23:45:00,0.0,0.0,1.0
2026-03-03,5106941840719872,Salinity (psu),96,96,0,0,0,2026-03-03 23:45:00,0.0,0.0,1.0
2026-03-04,5106941840719872,Salinity (psu),96,96,0,0,0,2026-03-04 23:45:00,0.0,0.0,1.0
2026-03-05,5106941840719872,Salinity (psu),96,96,0,0,0,2026-03-05 23:45:00,0.0,0.0,1.0
2026-03-06,5106941840719872,Salinity (psu),96,96,0,0,0,2026-03-06 23:45:00,0.0,0.0,1.0
2026-03-07,5106941840719872,Salinity (psu),81,77,2,0,1,2026-03-07 20:00:00,0.012345679012345678,0.0,0.9506172839506173
2026-07-02,5106941840719872,Salinity (psu),47,41,0,1,5,2026-07-02 23:45:00,0.10638297872340426,0.02127659574468085,0.8723404255319149
2026-07-03,5106941840719872,Salinity (psu),96,96,0,0,0,2026-07-03 23:45:00,0.0,0.0,1.0
2026-07-04,5106941840719872,Salinity (psu),96,92,0,4,0,2026-07-04 23:45:00,0.0,0.041666666666666664,0.9583333333333334
2026-07-05,5106941840719872,Salinity (psu),96,82,0,14,0,2026-07-05 23:45:00,0.0,0.14583333333333334,0.8541666666666666
2026-07-06,5106941840719872,Salinity (psu),96,84,0,12,0,2026-07-06 23:45:00,0.0,0.125,0.875
2026-07-07,5106941840719872,Salinity (psu),96,88,0,8,0,2026-07-07 23:45:00,0.0,0.08333333333333333,0.9166666666666666
2026-07-08,5106941840719872,Salinity (psu),65,58,1,6,0,2026-07-08 16:00:00,0.0,0.09230769230769231,0.8923076923076924
2026-01-13,5106941840719872,Specific Conductivity (µS/cm),37,2,1,31,3,2026-01-13 23:45:00,0.08108108108108109,0.8378378378378378,0.05405405405405406
2026-01-14,5106941840719872,Specific Conductivity (µS/cm),96,2,0,66,28,2026-01-14 23:45:00,0.2916666666666667,0.6875,0.020833333333333332
2026-01-15,5106941840719872,Specific Conductivity (µS/cm),96,0,0,76,20,2026-01-15 23:45:00,0.20833333333333334,0.7916666666666666,0.0
2026-01-16,5106941840719872,Specific Conductivity (µS/cm),96,0,0,96,0,2026-01-16 23:45:00,0.0,1.0,0.0
2026-01-17,5106941840719872,Specific Conductivity (µS/cm),96,0,0,46,50,2026-01-17 23:45:00,0.5208333333333334,0.4791666666666667,0.0
2026-01-18,5106941840719872,Specific Conductivity (µS/cm),96,0,0,85,11,2026-01-18 23:45:00,0.11458333333333333,0.8854166666666666,0.0
2026-01-19,5106941840719872,Specific Conductivity (µS/cm),96,0,0,84,12,2026-01-19 23:45:00,0.125,0.875,0.0
2026-01-20,5106941840719872,Specific Conductivity (µS/cm),96,0,0,26,70,2026-01-20 23:45:00,0.7291666666666666,0.2708333333333333,0.0
2026-01-21,5106941840719872,Specific Conductivity (µS/cm),96,9,0,48,39,2026-01-21 23:45:00,0.40625,0.5,0.09375
2026-01-22,5106941840719872,Specific Conductivity (µS/cm),96,0,0,96,0,2026-01-22 23:45:00,0.0,1.0,0.0
2026-01-23,5106941840719872,Specific Conductivity (µS/cm),96,0,0,96,0,2026-01-23 23:45:00,0.0,1.0,0.0
2026-01-24,5106941840719872,Specific Conductivity (µS/cm),96,0,0,96,0,2026-01-24 23:45:00,0.0,1.0,0.0
2026-01-25,5106941840719872,Specific Conductivity (µS/cm),96,0,0,96,0,2026-01-25 23:45:00,0.0,1.0,0.0
2026-01-26,5106941840719872,Specific Conductivity (µS/cm),96,0,0,96,0,2026-01-26 23:45:00,0.0,1.0,0.0
2026-01-27,5106941840719872,Specific Conductivity (µS/cm),97,0,0,97,0,2026-01-27 23:45:00,0.0,1.0,0.0
2026-01-28,5106941840719872,Specific Conductivity (µS/cm),96,0,0,96,0,2026-01-28 23:45:00,0.0,1.0,0.0
2026-01-29,5106941840719872,Specific Conductivity (µS/cm),96,0,0,96,0,2026-01-29 23:45:00,0.0,1.0,0.0
2026-01-30,5106941840719872,Specific Conductivity (µS/cm),96,0,0,96,0,2026-01-30 23:45:00,0.0,1.0,0.0
2026-01-31,5106941840719872,Specific Conductivity (µS/cm),96,0,0,96,0,2026-01-31 23:45:00,0.0,1.0,0.0
2026-02-01,5106941840719872,Specific Conductivity (µS/cm),96,0,0,96,0,2026-02-01 23:45:00,0.0,1.0,0.0
2026-02-02,5106941840719872,Specific Conductivity (µS/cm),96,7,0,89,0,2026-02-02 23:45:00,0.0,0.9270833333333334,0.07291666666666667
2026-02-03,5106941840719872,Specific Conductivity (µS/cm),96,2,0,90,4,2026-02-03 23:45:00,0.041666666666666664,0.9375,0.020833333333333332
2026-02-04,5106941840719872,Specific Conductivity (µS/cm),96,0,0,96,0,2026-02-04 23:45:00,0.0,1.0,0.0
2026-02-05,5106941840719872,Specific Conductivity (µS/cm),96,0,0,96,0,2026-02-05 23:45:00,0.0,1.0,0.0
2026-02-06,5106941840719872,Specific Conductivity (µS/cm),96,0,0,85,11,2026-02-06 23:45:00,0.11458333333333333,0.8854166666666666,0.0
2026-02-07,5106941840719872,Specific Conductivity (µS/cm),96,0,0,95,1,2026-02-07 23:45:00,0.010416666666666666,0.9895833333333334,0.0
2026-02-08,5106941840719872,Specific Conductivity (µS/cm),96,0,0,96,0,2026-02-08 23:45:00,0.0,1.0,0.0
2026-02-09,5106941840719872,Specific Conductivity (µS/cm),96,0,0,96,0,2026-02-09 23:45:00,0.0,1.0,0.0
2026-02-10,5106941840719872,Specific Conductivity (µS/cm),96,0,0,96,0,2026-02-10 23:45:00,0.0,1.0,0.0
2026-02-11,5106941840719872,Specific Conductivity (µS/cm),96,0,0,96,0,2026-02-11 23:45:00,0.0,1.0,0.0
2026-02-12,5106941840719872,Specific Conductivity (µS/cm),96,0,0,89,7,2026-02-12 23:45:00,0.07291666666666667,0.9270833333333334,0.0
2026-02-13,5106941840719872,Specific Conductivity (µS/cm),96,0,0,92,4,2026-02-13 23:45:00,0.041666666666666664,0.9583333333333334,0.0
2026-02-14,5106941840719872,Specific Conductivity (µS/cm),96,0,0,83,13,2026-02-14 23:45:00,0.13541666666666666,0.8645833333333334,0.0
2026-02-15,5106941840719872,Specific Conductivity (µS/cm),96,0,0,94,2,2026-02-15 23:45:00,0.020833333333333332,0.9791666666666666,0.0
2026-02-16,5106941840719872,Specific Conductivity (µS/cm),96,0,0,96,0,2026-02-16 23:45:00,0.0,1.0,0.0
2026-02-17,5106941840719872,Specific Conductivity (µS/cm),96,0,0,95,1,2026-02-17 23:45:00,0.010416666666666666,0.9895833333333334,0.0
2026-02-18,5106941840719872,Specific Conductivity (µS/cm),96,0,0,85,11,2026-02-18 23:45:00,0.11458333333333333,0.8854166666666666,0.0
2026-02-19,5106941840719872,Specific Conductivity (µS/cm),96,0,0,78,18,2026-02-19 23:45:00,0.1875,0.8125,0.0
2026-02-20,5106941840719872,Specific Conductivity (µS/cm),96,0,0,96,0,2026-02-20 23:45:00,0.0,1.0,0.0
2026-02-21,5106941840719872,Specific Conductivity (µS/cm),96,0,0,96,0,2026-02-21 23:45:00,0.0,1.0,0.0
2026-02-22,5106941840719872,Specific Conductivity (µS/cm),95,0,0,94,0,2026-02-22 23:45:00,0.0,0.9894736842105263,0.0
2026-02-23,5106941840719872,Specific Conductivity (µS/cm),96,5,0,79,12,2026-02-23 23:45:00,0.125,0.8229166666666666,0.052083333333333336
2026-02-24,5106941840719872,Specific Conductivity (µS/cm),96,4,0,82,10,2026-02-24 23:45:00,0.10416666666666667,0.8541666666666666,0.041666666666666664
2026-02-25,5106941840719872,Specific Conductivity (µS/cm),96,0,0,96,0,2026-02-25 23:45:00,0.0,1.0,0.0
2026-02-26,5106941840719872,Specific Conductivity (µS/cm),96,1,0,90,5,2026-02-26 23:45:00,0.052083333333333336,0.9375,0.010416666666666666
2026-02-27,5106941840719872,Specific Conductivity (µS/cm),96,0,0,96,0,2026-02-27 23:45:00,0.0,1.0,0.0
2026-02-28,5106941840719872,Specific Conductivity (µS/cm),96,0,0,96,0,2026-02-28 23:45:00,0.0,1.0,0.0
2026-03-01,5106941840719872,Specific Conductivity (µS/cm),96,0,0,96,0,2026-03-01 23:45:00,0.0,1.0,0.0
2026-03-02,5106941840719872,Specific Conductivity (µS/cm),96,0,0,96,0,2026-03-02 23:45:00,0.0,1.0,0.0
2026-03-03,5106941840719872,Specific Conductivity (µS/cm),96,0,0,96,0,2026-03-03 23:45:00,0.0,1.0,0.0
2026-03-04,5106941840719872,Specific Conductivity (µS/cm),96,0,0,96,0,2026-03-04 23:45:00,0.0,1.0,0.0
2026-03-05,5106941840719872,Specific Conductivity (µS/cm),96,0,0,89,7,2026-03-05 23:45:00,0.07291666666666667,0.9270833333333334,0.0
2026-03-06,5106941840719872,Specific Conductivity (µS/cm),96,8,0,56,32,2026-03-06 23:45:00,0.3333333333333333,0.5833333333333334,0.08333333333333333
2026-03-07,5106941840719872,Specific Conductivity (µS/cm),81,0,0,77,3,2026-03-07 20:00:00,0.037037037037037035,0.9506172839506173,0.0
2026-07-02,5106941840719872,Specific Conductivity (µS/cm),47,7,0,0,40,2026-07-02 23:45:00,0.851063829787234,0.0,0.14893617021276595
2026-07-03,5106941840719872,Specific Conductivity (µS/cm),96,22,0,9,65,2026-07-03 23:45:00,0.6770833333333334,0.09375,0.22916666666666666
2026-07-04,5106941840719872,Specific Conductivity (µS/cm),96,0,0,0,96,2026-07-04 23:45:00,1.0,0.0,0.0
2026-07-05,5106941840719872,Specific Conductivity (µS/cm),96,0,0,0,96,2026-07-05 23:45:00,1.0,0.0,0.0
2026-07-06,5106941840719872,Specific Conductivity (µS/cm),96,0,0,0,96,2026-07-06 23:45:00,1.0,0.0,0.0
2026-07-07,5106941840719872,Specific Conductivity (µS/cm),96,0,0,0,96,2026-07-07 23:45:00,1.0,0.0,0.0
2026-07-08,5106941840719872,Specific Conductivity (µS/cm),65,0,1,0,64,2026-07-08 16:00:00,0.9846153846153847,0.0,0.0
2026-01-13,5106941840719872,Temperature (C),37,35,1,1,0,2026-01-13 23:45:00,0.0,0.02702702702702703,0.9459459459459459
2026-01-14,5106941840719872,Temperature (C),96,96,0,0,0,2026-01-14 23:45:00,0.0,0.0,1.0
2026-01-15,5106941840719872,Temperature (C),96,96,0,0,0,2026-01-15 23:45:00,0.0,0.0,1.0
2026-01-16,5106941840719872,Temperature (C),96,96,0,0,0,2026-01-16 23:45:00,0.0,0.0,1.0
2026-01-17,5106941840719872,Temperature (C),96,96,0,0,0,2026-01-17 23:45:00,0.0,0.0,1.0
2026-01-18,5106941840719872,Temperature (C),96,96,0,0,0,2026-01-18 23:45:00,0.0,0.0,1.0
2026-01-19,5106941840719872,Temperature (C),96,96,0,0,0,2026-01-19 23:45:00,0.0,0.0,1.0
2026-01-20,5106941840719872,Temperature (C),96,96,0,0,0,2026-01-20 23:45:00,0.0,0.0,1.0
2026-01-21,5106941840719872,Temperature (C),96,96,0,0,0,2026-01-21 23:45:00,0.0,0.0,1.0
2026-01-22,5106941840719872,Temperature (C),96,92,0,4,0,2026-01-22 23:45:00,0.0,0.041666666666666664,0.9583333333333334
2026-01-23,5106941840719872,Temperature (C),96,96,0,0,0,2026-01-23 23:45:00,0.0,0.0,1.0
2026-01-24,5106941840719872,Temperature (C),96,96,0,0,0,2026-01-24 23:45:00,0.0,0.0,1.0
2026-01-25,5106941840719872,Temperature (C),96,95,0,1,0,2026-01-25 23:45:00,0.0,0.010416666666666666,0.9895833333333334
2026-01-26,5106941840719872,Temperature (C),96,96,0,0,0,2026-01-26 23:45:00,0.0,0.0,1.0
2026-01-27,5106941840719872,Temperature (C),97,97,0,0,0,2026-01-27 23:45:00,0.0,0.0,1.0
2026-01-28,5106941840719872,Temperature (C),96,96,0,0,0,2026-01-28 23:45:00,0.0,0.0,1.0
2026-01-29,5106941840719872,Temperature (C),96,96,0,0,0,2026-01-29 23:45:00,0.0,0.0,1.0
2026-01-30,5106941840719872,Temperature (C),96,94,0,2,0,2026-01-30 23:45:00,0.0,0.020833333333333332,0.9791666666666666
2026-01-31,5106941840719872,Temperature (C),96,96,0,0,0,2026-01-31 23:45:00,0.0,0.0,1.0
2026-02-01,5106941840719872,Temperature (C),96,96,0,0,0,2026-02-01 23:45:00,0.0,0.0,1.0
2026-02-02,5106941840719872,Temperature (C),96,96,0,0,0,2026-02-02 23:45:00,0.0,0.0,1.0
2026-02-03,5106941840719872,Temperature (C),96,96,0,0,0,2026-02-03 23:45:00,0.0,0.0,1.0
2026-02-04,5106941840719872,Temperature (C),96,95,0,1,0,2026-02-04 23:45:00,0.0,0.010416666666666666,0.9895833333333334
2026-02-05,5106941840719872,Temperature (C),96,96,0,0,0,2026-02-05 23:45:00,0.0,0.0,1.0
2026-02-06,5106941840719872,Temperature (C),96,96,0,0,0,2026-02-06 23:45:00,0.0,0.0,1.0
2026-02-07,5106941840719872,Temperature (C),96,96,0,0,0,2026-02-07 23:45:00,0.0,0.0,1.0
2026-02-08,5106941840719872,Temperature (C),96,96,0,0,0,2026-02-08 23:45:00,0.0,0.0,1.0
2026-02-09,5106941840719872,Temperature (C),96,92,0,4,0,2026-02-09 23:45:00,0.0,0.041666666666666664,0.9583333333333334
2026-02-10,5106941840719872,Temperature (C),96,93,2,0,0,2026-02-10 23:45:00,0.0,0.0,0.96875
2026-02-11,5106941840719872,Temperature (C),96,94,0,2,0,2026-02-11 23:45:00,0.0,0.020833333333333332,0.9791666666666666
2026-02-12,5106941840719872,Temperature (C),96,96,0,0,0,2026-02-12 23:45:00,0.0,0.0,1.0
2026-02-13,5106941840719872,Temperature (C),96,94,0,2,0,2026-02-13 23:45:00,0.0,0.020833333333333332,0.9791666666666666
2026-02-14,5106941840719872,Temperature (C),96,96,0,0,0,2026-02-14 23:45:00,0.0,0.0,1.0
2026-02-15,5106941840719872,Temperature (C),96,93,2,0,0,2026-02-15 23:45:00,0.0,0.0,0.96875
2026-02-16,5106941840719872,Temperature (C),96,96,0,0,0,2026-02-16 23:45:00,0.0,0.0,1.0
2026-02-17,5106941840719872,Temperature (C),96,96,0,0,0,2026-02-17 23:45:00,0.0,0.0,1.0
2026-02-18,5106941840719872,Temperature (C),96,96,0,0,0,2026-02-18 23:45:00,0.0,0.0,1.0
2026-02-19,5106941840719872,Temperature (C),96,96,0,0,0,2026-02-19 23:45:00,0.0,0.0,1.0
2026-02-20,5106941840719872,Temperature (C),96,96,0,0,0,2026-02-20 23:45:00,0.0,0.0,1.0
2026-02-21,5106941840719872,Temperature (C),96,96,0,0,0,2026-02-21 23:45:00,0.0,0.0,1.0
2026-02-22,5106941840719872,Temperature (C),95,95,0,0,0,2026-02-22 23:45:00,0.0,0.0,1.0
2026-02-23,5106941840719872,Temperature (C),96,96,0,0,0,2026-02-23 23:45:00,0.0,0.0,1.0
2026-02-24,5106941840719872,Temperature (C),96,96,0,0,0,2026-02-24 23:45:00,0.0,0.0,1.0
2026-02-25,5106941840719872,Temperature (C),96,92,0,4,0,2026-02-25 23:45:00,0.0,0.041666666666666664,0.9583333333333334
2026-02-26,5106941840719872,Temperature (C),96,94,0,2,0,2026-02-26 23:45:00,0.0,0.020833333333333332,0.9791666666666666
2026-02-27,5106941840719872,Temperature (C),96,96,0,0,0,2026-02-27 23:45:00,0.0,0.0,1.0
2026-02-28,5106941840719872,Temperature (C),96,96,0,0,0,2026-02-28 23:45:00,0.0,0.0,1.0
2026-03-01,5106941840719872,Temperature (C),96,96,0,0,0,2026-03-01 23:45:00,0.0,0.0,1.0
2026-03-02,5106941840719872,Temperature (C),96,96,0,0,0,2026-03-02 23:45:00,0.0,0.0,1.0
2026-03-03,5106941840719872,Temperature (C),96,96,0,0,0,2026-03-03 23:45:00,0.0,0.0,1.0
2026-03-04,5106941840719872,Temperature (C),96,94,0,2,0,2026-03-04 23:45:00,0.0,0.020833333333333332,0.9791666666666666
2026-03-05,5106941840719872,Temperature (C),96,96,0,0,0,2026-03-05 23:45:00,0.0,0.0,1.0
2026-03-06,5106941840719872,Temperature (C),96,96,0,0,0,2026-03-06 23:45:00,0.0,0.0,1.0
2026-03-07,5106941840719872,Temperature (C),81,79,0,1,1,2026-03-07 20:00:00,0.012345679012345678,0.012345679012345678,0.9753086419753086
2026-07-02,5106941840719872,Temperature (C),47,45,0,1,1,2026-07-02 23:45:00,0.02127659574468085,0.02127659574468085,0.9574468085106383
2026-07-03,5106941840719872,Temperature (C),96,96,0,0,0,2026-07-03 23:45:00,0.0,0.0,1.0
2026-07-04,5106941840719872,Temperature (C),96,96,0,0,0,2026-07-04 23:45:00,0.0,0.0,1.0
2026-07-05,5106941840719872,Temperature (C),96,96,0,0,0,2026-07-05 23:45:00,0.0,0.0,1.0
2026-07-06,5106941840719872,Temperature (C),96,96,0,0,0,2026-07-06 23:45:00,0.0,0.0,1.0
2026-07-07,5106941840719872,Temperature (C),96,96,0,0,0,2026-07-07 23:45:00,0.0,0.0,1.0
2026-07-08,5106941840719872,Temperature (C),65,64,1,0,0,2026-07-08 16:00:00,0.0,0.0,0.9846153846153847
2026-01-13,5106941840719872,pH (pH),37,28,3,4,0,2026-01-13 23:45:00,0.0,0.10810810810810811,0.7567567567567568
2026-01-14,5106941840719872,pH (pH),96,79,0,15,2,2026-01-14 23:45:00,0.020833333333333332,0.15625,0.8229166666666666
2026-01-15,5106941840719872,pH (pH),96,96,0,0,0,2026-01-15 23:45:00,0.0,0.0,1.0
2026-01-16,5106941840719872,pH (pH),96,89,0,7,0,2026-01-16 23:45:00,0.0,0.07291666666666667,0.9270833333333334
2026-01-17,5106941840719872,pH (pH),96,69,0,19,8,2026-01-17 23:45:00,0.08333333333333333,0.19791666666666666,0.71875
2026-01-18,5106941840719872,pH (pH),96,93,0,3,0,2026-01-18 23:45:00,0.0,0.03125,0.96875
2026-01-19,5106941840719872,pH (pH),96,50,0,26,20,2026-01-19 23:45:00,0.20833333333333334,0.2708333333333333,0.5208333333333334
2026-01-20,5106941840719872,pH (pH),96,83,0,13,0,2026-01-20 23:45:00,0.0,0.13541666666666666,0.8645833333333334
2026-01-21,5106941840719872,pH (pH),96,68,0,24,4,2026-01-21 23:45:00,0.041666666666666664,0.25,0.7083333333333334
2026-01-22,5106941840719872,pH (pH),96,46,0,33,17,2026-01-22 23:45:00,0.17708333333333334,0.34375,0.4791666666666667
2026-01-23,5106941840719872,pH (pH),96,30,0,29,37,2026-01-23 23:45:00,0.3854166666666667,0.3020833333333333,0.3125
2026-01-24,5106941840719872,pH (pH),96,29,0,26,41,2026-01-24 23:45:00,0.4270833333333333,0.2708333333333333,0.3020833333333333
2026-01-25,5106941840719872,pH (pH),96,21,0,32,43,2026-01-25 23:45:00,0.4479166666666667,0.3333333333333333,0.21875
2026-01-26,5106941840719872,pH (pH),96,53,0,37,6,2026-01-26 23:45:00,0.0625,0.3854166666666667,0.5520833333333334
2026-01-27,5106941840719872,pH (pH),97,1,0,15,81,2026-01-27 23:45:00,0.8350515463917526,0.15463917525773196,0.010309278350515464
2026-01-28,5106941840719872,pH (pH),96,8,0,4,84,2026-01-28 23:45:00,0.875,0.041666666666666664,0.08333333333333333
2026-01-29,5106941840719872,pH (pH),96,25,0,25,46,2026-01-29 23:45:00,0.4791666666666667,0.2604166666666667,0.2604166666666667
2026-01-30,5106941840719872,pH (pH),96,41,0,12,43,2026-01-30 23:45:00,0.4479166666666667,0.125,0.4270833333333333
2026-01-31,5106941840719872,pH (pH),96,41,0,36,19,2026-01-31 23:45:00,0.19791666666666666,0.375,0.4270833333333333
2026-02-01,5106941840719872,pH (pH),96,38,0,27,31,2026-02-01 23:45:00,0.3229166666666667,0.28125,0.3958333333333333
2026-02-02,5106941840719872,pH (pH),96,32,0,9,55,2026-02-02 23:45:00,0.5729166666666666,0.09375,0.3333333333333333
2026-02-03,5106941840719872,pH (pH),96,13,0,12,71,2026-02-03 23:45:00,0.7395833333333334,0.125,0.13541666666666666
2026-02-04,5106941840719872,pH (pH),96,41,0,15,40,2026-02-04 23:45:00,0.4166666666666667,0.15625,0.4270833333333333
2026-02-05,5106941840719872,pH (pH),96,19,0,11,66,2026-02-05 23:45:00,0.6875,0.11458333333333333,0.19791666666666666
2026-02-06,5106941840719872,pH (pH),96,7,0,10,79,2026-02-06 23:45:00,0.8229166666666666,0.10416666666666667,0.07291666666666667
2026-02-07,5106941840719872,pH (pH),96,23,0,28,45,2026-02-07 23:45:00,0.46875,0.2916666666666667,0.23958333333333334
2026-02-08,5106941840719872,pH (pH),96,38,0,23,35,2026-02-08 23:45:00,0.3645833333333333,0.23958333333333334,0.3958333333333333
2026-02-09,5106941840719872,pH (pH),96,37,0,16,43,2026-02-09 23:45:00,0.4479166666666667,0.16666666666666666,0.3854166666666667
2026-02-10,5106941840719872,pH (pH),96,8,1,31,55,2026-02-10 23:45:00,0.5729166666666666,0.3229166666666667,0.08333333333333333
2026-02-11,5106941840719872,pH (pH),96,38,0,25,33,2026-02-11 23:45:00,0.34375,0.2604166666666667,0.3958333333333333
2026-02-12,5106941840719872,pH (pH),96,44,0,30,22,2026-02-12 23:45:00,0.22916666666666666,0.3125,0.4583333333333333
2026-02-13,5106941840719872,pH (pH),96,13,0,8,75,2026-02-13 23:45:00,0.78125,0.08333333333333333,0.13541666666666666
2026-02-14,5106941840719872,pH (pH),96,0,0,25,71,2026-02-14 23:45:00,0.7395833333333334,0.2604166666666667,0.0
2026-02-15,5106941840719872,pH (pH),96,31,0,24,40,2026-02-15 23:45:00,0.4166666666666667,0.25,0.3229166666666667
2026-02-16,5106941840719872,pH (pH),96,28,0,32,36,2026-02-16 23:45:00,0.375,0.3333333333333333,0.2916666666666667
2026-02-17,5106941840719872,pH (pH),96,0,0,8,88,2026-02-17 23:45:00,0.9166666666666666,0.08333333333333333,0.0
2026-02-18,5106941840719872,pH (pH),96,10,0,17,69,2026-02-18 23:45:00,0.71875,0.17708333333333334,0.10416666666666667
2026-02-19,5106941840719872,pH (pH),96,0,0,4,92,2026-02-19 23:45:00,0.9583333333333334,0.041666666666666664,0.0
2026-02-20,5106941840719872,pH (pH),96,6,0,7,83,2026-02-20 23:45:00,0.8645833333333334,0.07291666666666667,0.0625
2026-02-21,5106941840719872,pH (pH),96,36,0,26,34,2026-02-21 23:45:00,0.3541666666666667,0.2708333333333333,0.375
2026-02-22,5106941840719872,pH (pH),95,57,0,24,13,2026-02-22 23:45:00,0.1368421052631579,0.25263157894736843,0.6
2026-02-23,5106941840719872,pH (pH),96,33,0,31,32,2026-02-23 23:45:00,0.3333333333333333,0.3229166666666667,0.34375
2026-02-24,5106941840719872,pH (pH),96,28,0,34,34,2026-02-24 23:45:00,0.3541666666666667,0.3541666666666667,0.2916666666666667
2026-02-25,5106941840719872,pH (pH),96,17,0,29,50,2026-02-25 23:45:00,0.5208333333333334,0.3020833333333333,0.17708333333333334
2026-02-26,5106941840719872,pH (pH),96,8,0,8,80,2026-02-26 23:45:00,0.8333333333333334,0.08333333333333333,0.08333333333333333
2026-02-27,5106941840719872,pH (pH),96,17,0,36,43,2026-02-27 23:45:00,0.4479166666666667,0.375,0.17708333333333334
2026-02-28,5106941840719872,pH (pH),96,42,0,34,20,2026-02-28 23:45:00,0.20833333333333334,0.3541666666666667,0.4375
2026-03-01,5106941840719872,pH (pH),96,0,0,1,95,2026-03-01 23:45:00,0.9895833333333334,0.010416666666666666,0.0
2026-03-02,5106941840719872,pH (pH),96,0,0,5,91,2026-03-02 23:45:00,0.9479166666666666,0.052083333333333336,0.0
2026-03-03,5106941840719872,pH (pH),96,1,0,8,87,2026-03-03 23:45:00,0.90625,0.08333333333333333,0.010416666666666666
2026-03-04,5106941840719872,pH (pH),96,20,0,28,48,2026-03-04 23:45:00,0.5,0.2916666666666667,0.20833333333333334
2026-03-05,5106941840719872,pH (pH),96,15,0,22,59,2026-03-05 23:45:00,0.6145833333333334,0.22916666666666666,0.15625
2026-03-06,5106941840719872,pH (pH),96,15,0,19,62,2026-03-06 23:45:00,0.6458333333333334,0.19791666666666666,0.15625
2026-03-07,5106941840719872,pH (pH),81,29,0,16,35,2026-03-07 20:00:00,0.43209876543209874,0.19753086419753085,0.35802469135802467
2026-07-02,5106941840719872,pH (pH),47,40,0,1,6,2026-07-02 23:45:00,0.1276595744680851,0.02127659574468085,0.851063829787234
2026-07-03,5106941840719872,pH (pH),96,75,0,18,3,2026-07-03 23:45:00,0.03125,0.1875,0.78125
2026-07-04,5106941840719872,pH (pH),96,65,0,23,8,2026-07-04 23:45:00,0.08333333333333333,0.23958333333333334,0.6770833333333334
2026-07-05,5106941840719872,pH (pH),96,74,0,22,0,2026-07-05 23:45:00,0.0,0.22916666666666666,0.7708333333333334
2026-07-06,5106941840719872,pH (pH),96,84,0,12,0,2026-07-06 23:45:00,0.0,0.125,0.875
2026-07-07,5106941840719872,pH (pH),96,65,0,31,0,2026-07-07 23:45:00,0.0,0.3229166666666667,0.6770833333333334
2026-07-08,5106941840719872,pH (pH),65,62,1,2,0,2026-07-08 16:00:00,0.0,0.03076923076923077,0.9538461538461539
